age_months,p1,p3,p5,p10,p15,p25,p50,p75,p85,p90,p95,p97,p99
24,13.0,13.5,13.7,14.1,14.4,14.8,15.7,16.6,17.2,17.5,18.1,18.5,19.3
25,13.0,13.4,13.7,14.1,14.4,14.8,15.7,16.6,17.1,17.5,18.1,18.5,19.3
26,13.0,13.4,13.7,14.1,14.4,14.8,15.6,16.6,17.1,17.5,18.1,18.5,19.3
27,13.0,13.4,13.7,14.0,14.3,14.8,15.6,16.5,17.1,17.4,18.0,18.4,19.2
28,12.9,13.4,13.6,14.0,14.3,14.7,15.6,16.5,17.0,17.4,18.0,18.4,19.2
29,12.9,13.4,13.6,14.0,14.3,14.7,15.6,16.5,17.0,17.4,18.0,18.4,19.2
30,12.9,13.3,13.6,14.0,14.3,14.7,15.5,16.5,17.0,17.4,17.9,18.3,19.1
31,12.9,13.3,13.6,14.0,14.2,14.7,15.5,16.4,17.0,17.3,17.9,18.3,19.1
32,12.8,13.3,13.5,13.9,14.2,14.6,15.5,16.4,16.9,17.3,17.9,18.3,19.1
33,12.8,13.3,13.5,13.9,14.2,14.6,15.5,16.4,16.9,17.3,17.9,18.3,19.0
34,12.8,13.2,13.5,13.9,14.2,14.6,15.4,16.4,16.9,17.3,17.9,18.2,19.0
35,12.8,13.2,13.5,13.9,14.1,14.6,15.4,16.3,16.9,17.3,17.8,18.2,19.0
36,13.1,13.6,13.9,14.3,14.6,15.0,15.8,16.5,16.8,17.1,17.4,17.7,18.1
37,13.1,13.6,13.9,14.3,14.6,15.0,15.8,16.5,16.8,17.1,17.5,17.7,18.2
38,13.1,13.6,13.9,14.3,14.6,15.0,15.8,16.5,16.9,17.1,17.5,17.7,18.2
39,13.1,13.6,13.9,14.3,14.6,15.0,15.7,16.5,16.9,17.1,17.5,17.8,18.3
40,13.1,13.6,13.9,14.3,14.6,15.0,15.7,16.5,16.9,17.2,17.6,17.8,18.3
41,13.1,13.6,13.9,14.3,14.6,15.0,15.7,16.5,16.9,17.2,17.6,17.9,18.4
42,13.1,13.6,13.9,14.3,14.6,15.0,15.7,16.5,16.9,17.2,17.6,17.9,18.4
43,13.1,13.6,13.9,14.3,14.6,15.0,15.7,16.5,16.9,17.2,17.7,17.9,18.5
44,13.1,13.6,13.8,14.3,14.5,15.0,15.7,16.5,17.0,17.3,17.7,18.0,18.5
45,13.1,13.6,13.8,14.3,14.5,14.9,15.7,16.5,17.0,17.3,17.7,18.0,18.6
46,13.1,13.6,13.8,14.2,14.5,14.9,15.7,16.5,17.0,17.3,17.7,18.0,18.6
47,13.1,13.6,13.8,14.2,14.5,14.9,15.7,16.6,17.0,17.3,17.8,18.1,18.7
48,13.1,13.6,13.8,14.2,14.5,14.9,15.7,16.6,17.0,17.3,17.8,18.1,18.7
49,13.1,13.6,13.8,14.2,14.5,14.9,15.7,16.6,17.0,17.4,17.8,18.2,18.8
50,13.1,13.5,13.8,14.2,14.5,14.9,15.7,16.6,17.1,17.4,17.9,18.2,18.8
51,13.1,13.5,13.8,14.2,14.5,14.9,15.7,16.6,17.1,17.4,17.9,18.2,18.9
52,13.1,13.5,13.8,14.2,14.5,14.9,15.7,16.6,17.1,17.4,17.9,18.3,19.0
53,13.1,13.5,13.8,14.2,14.5,14.9,15.7,16.6,17.1,17.5,18.0,18.3,19.0
54,13.0,13.5,13.8,14.2,14.5,14.9,15.7,16.6,17.1,17.5,18.0,18.4,19.1
55,13.0,13.5,13.8,14.2,14.5,14.9,15.7,16.6,17.1,17.5,18.0,18.4,19.1
56,13.0,13.5,13.8,14.2,14.4,14.9,15.7,16.6,17.2,17.5,18.1,18.5,19.2
57,13.0,13.5,13.8,14.2,14.4,14.9,15.7,16.7,17.2,17.5,18.1,18.5,19.2
58,13.0,13.5,13.7,14.2,14.4,14.9,15.7,16.7,17.2,17.6,18.1,18.5,19.3
59,13.0,13.5,13.7,14.1,14.4,14.9,15.7,16.7,17.2,17.6,18.2,18.6,19.4
60,13.0,13.5,13.7,14.1,14.4,14.9,15.7,16.7,17.2,17.6,18.2,18.6,19.4
61,13.0,13.5,13.7,14.1,14.4,14.9,15.7,16.7,17.3,17.6,18.3,18.7,19.5
62,13.0,13.5,13.7,14.1,14.4,14.9,15.7,16.7,17.3,17.7,18.3,18.7,19.6
63,13.0,13.5,13.7,14.1,14.4,14.9,15.7,16.7,17.3,17.7,18.3,18.8,19.6
64,13.0,13.5,13.7,14.1,14.4,14.9,15.7,16.7,17.3,17.7,18.4,18.8,19.7
65,13.0,13.4,13.7,14.1,14.4,14.8,15.7,16.8,17.3,17.8,18.4,18.9,19.8
66,13.0,13.4,13.7,14.1,14.4,14.8,15.8,16.8,17.4,17.8,18.4,18.9,19.8
67,13.0,13.4,13.7,14.1,14.4,14.8,15.8,16.8,17.4,17.8,18.5,19.0,19.9
68,13.0,13.4,13.7,14.1,14.4,14.8,15.8,16.8,17.4,17.8,18.5,19.0,20.0
69,13.0,13.4,13.7,14.1,14.4,14.8,15.8,16.8,17.4,17.9,18.6,19.0,20.0
70,13.0,13.4,13.7,14.1,14.4,14.8,15.8,16.8,17.4,17.9,18.6,19.1,20.1
71,13.0,13.4,13.7,14.1,14.4,14.8,15.8,16.8,17.5,17.9,18.6,19.1,20.2
72,12.9,13.4,13.7,14.1,14.4,14.8,15.8,16.9,17.5,18.0,18.7,19.2,20.3
73,12.9,13.4,13.7,14.1,14.4,14.9,15.8,16.9,17.6,18.0,18.8,19.3,20.3
74,12.9,13.4,13.7,14.1,14.4,14.9,15.8,16.9,17.6,18.1,18.8,19.4,20.4
75,12.9,13.4,13.7,14.1,14.4,14.9,15.9,17.0,17.7,18.1,18.9,19.4,20.5
76,12.9,13.4,13.7,14.1,14.4,14.9,15.9,17.0,17.7,18.2,19.0,19.5,20.6
77,12.9,13.4,13.7,14.1,14.4,14.9,15.9,17.1,17.7,18.2,19.0,19.6,20.7
78,12.9,13.4,13.7,14.1,14.4,14.9,15.9,17.1,17.8,18.3,19.1,19.7,20.8
79,12.9,13.4,13.7,14.1,14.4,14.9,16.0,17.1,17.8,18.4,19.2,19.7,20.9
80,12.9,13.4,13.7,14.1,14.5,15.0,16.0,17.2,17.9,18.4,19.2,19.8,21.0
81,12.9,13.4,13.7,14.1,14.5,15.0,16.0,17.2,17.9,18.5,19.3,19.9,21.1
82,12.9,13.4,13.7,14.1,14.5,15.0,16.0,17.3,18.0,18.5,19.4,19.9,21.2
83,12.9,13.4,13.7,14.1,14.5,15.0,16.1,17.3,18.0,18.6,19.4,20.0,21.3
84,12.9,13.4,13.7,14.2,14.5,15.0,16.1,17.3,18.1,18.6,19.5,20.1,21.4
85,12.9,13.4,13.7,14.2,14.5,15.0,16.1,17.4,18.2,18.7,19.6,20.2,21.5
86,12.9,13.4,13.7,14.2,14.5,15.1,16.2,17.5,18.2,18.8,19.7,20.3,21.6
87,12.9,13.4,13.7,14.2,14.6,15.1,16.2,17.5,18.3,18.8,19.7,20.4,21.7
88,12.9,13.4,13.7,14.2,14.6,15.1,16.3,17.6,18.3,18.9,19.8,20.4,21.8
89,12.9,13.4,13.8,14.2,14.6,15.2,16.3,17.6,18.4,19.0,19.9,20.5,21.9
90,12.9,13.5,13.8,14.3,14.6,15.2,16.3,17.7,18.5,19.0,20.0,20.6,22.0
91,12.9,13.5,13.8,14.3,14.6,15.2,16.4,17.7,18.5,19.1,20.1,20.7,22.1
92,12.9,13.5,13.8,14.3,14.7,15.2,16.4,17.8,18.6,19.2,20.1,20.8,22.2
93,12.9,13.5,13.8,14.3,14.7,15.3,16.5,17.8,18.7,19.3,20.2,20.9,22.3
94,12.9,13.5,13.8,14.3,14.7,15.3,16.5,17.9,18.7,19.3,20.3,21.0,22.4
95,12.9,13.5,13.8,14.3,14.7,15.3,16.5,17.9,18.8,19.4,20.4,21.0,22.5
96,12.9,13.5,13.8,14.4,14.8,15.3,16.6,18.0,18.8,19.5,20.4,21.1,22.5
97,12.9,13.5,13.9,14.4,14.8,15.4,16.6,18.1,18.9,19.5,20.5,21.2,22.6
98,12.9,13.5,13.9,14.4,14.8,15.4,16.7,18.1,19.0,19.6,20.6,21.3,22.7
99,12.9,13.6,13.9,14.4,14.8,15.5,16.7,18.2,19.1,19.7,20.7,21.4,22.8
100,13.0,13.6,13.9,14.5,14.9,15.5,16.8,18.3,19.1,19.8,20.8,21.5,22.9
101,13.0,13.6,13.9,14.5,14.9,15.5,16.8,18.3,19.2,19.8,20.9,21.6,23.0
102,13.0,13.6,14.0,14.5,14.9,15.6,16.9,18.4,19.3,19.9,21.0,21.7,23.1
103,13.0,13.6,14.0,14.6,15.0,15.6,16.9,18.4,19.3,20.0,21.0,21.8,23.2
104,13.0,13.6,14.0,14.6,15.0,15.6,17.0,18.5,19.4,20.1,21.1,21.8,23.3
105,13.0,13.6,14.0,14.6,15.0,15.7,17.0,18.6,19.5,20.2,21.2,21.9,23.4
106,13.0,13.7,14.0,14.6,15.1,15.7,17.1,18.6,19.6,20.2,21.3,22.0,23.5
107,13.0,13.7,14.1,14.7,15.1,15.8,17.1,18.7,19.6,20.3,21.4,22.1,23.6
108,13.0,13.7,14.1,14.7,15.1,15.8,17.2,18.8,19.7,20.4,21.5,22.2,23.7
109,13.0,13.7,14.1,14.7,15.2,15.8,17.2,18.8,19.8,20.5,21.5,22.3,23.8
110,13.1,13.7,14.1,14.7,15.2,15.9,17.3,18.9,19.8,20.5,21.6,22.4,23.9
111,13.1,13.8,14.2,14.8,15.2,15.9,17.3,19.0,19.9,20.6,21.7,22.5,24.0
112,13.1,13.8,14.2,14.8,15.3,16.0,17.4,19.0,20.0,20.7,21.8,22.5,24.1
113,13.1,13.8,14.2,14.8,15.3,16.0,17.4,19.1,20.1,20.8,21.9,22.6,24.2
114,13.1,13.8,14.2,14.9,15.3,16.0,17.5,19.2,20.1,20.8,21.9,22.7,24.3
115,13.1,13.8,14.2,14.9,15.4,16.1,17.6,19.2,20.2,20.9,22.0,22.8,24.4
116,13.1,13.9,14.3,14.9,15.4,16.1,17.6,19.3,20.3,21.0,22.1,22.9,24.4
117,13.2,13.9,14.3,15.0,15.4,16.2,17.7,19.3,20.3,21.1,22.2,23.0,24.5
118,13.2,13.9,14.3,15.0,15.5,16.2,17.7,19.4,20.4,21.1,22.3,23.1,24.6
119,13.2,13.9,14.3,15.0,15.5,16.2,17.8,19.5,20.5,21.2,22.4,23.1,24.7
120,13.2,14.0,14.4,15.1,15.5,16.3,17.8,19.5,20.6,21.3,22.4,23.2,24.8
121,13.2,14.0,14.4,15.1,15.6,16.3,17.9,19.6,20.6,21.4,22.5,23.3,24.9
122,13.3,14.0,14.4,15.1,15.6,16.4,17.9,19.7,20.7,21.4,22.6,23.4,25.0
123,13.3,14.1,14.5,15.2,15.7,16.4,18.0,19.7,20.8,21.5,22.7,23.5,25.1
124,13.3,14.1,14.5,15.2,15.7,16.5,18.0,19.8,20.8,21.6,22.7,23.5,25.1
125,13.3,14.1,14.5,15.2,15.7,16.5,18.1,19.9,20.9,21.6,22.8,23.6,25.2
126,13.4,14.1,14.6,15.3,15.8,16.6,18.1,19.9,21.0,21.7,22.9,23.7,25.3
127,13.4,14.2,14.6,15.3,15.8,16.6,18.2,20.0,21.0,21.8,23.0,23.8,25.4
128,13.4,14.2,14.6,15.4,15.9,16.7,18.3,20.1,21.1,21.9,23.0,23.9,25.5
129,13.4,14.2,14.7,15.4,15.9,16.7,18.3,20.1,21.2,21.9,23.1,23.9,25.6
130,13.5,14.3,14.7,15.4,15.9,16.7,18.4,20.2,21.2,22.0,23.2,24.0,25.6
131,13.5,14.3,14.7,15.5,16.0,16.8,18.4,20.2,21.3,22.1,23.3,24.1,25.7
132,13.5,14.3,14.8,15.5,16.0,16.8,18.5,20.3,21.4,22.1,23.3,24.2,25.8
133,13.6,14.4,14.8,15.6,16.1,16.9,18.5,20.4,21.4,22.2,23.4,24.2,25.9
134,13.6,14.4,14.9,15.6,16.1,16.9,18.6,20.4,21.5,22.3,23.5,24.3,25.9
135,13.6,14.4,14.9,15.6,16.2,17.0,18.6,20.5,21.6,22.3,23.5,24.4,26.0
136,13.7,14.5,14.9,15.7,16.2,17.0,18.7,20.5,21.6,22.4,23.6,24.4,26.1
137,13.7,14.5,15.0,15.7,16.3,17.1,18.7,20.6,21.7,22.5,23.7,24.5,26.2
138,13.7,14.6,15.0,15.8,16.3,17.1,18.8,20.7,21.8,22.5,23.7,24.6,26.2
139,13.8,14.6,15.1,15.8,16.4,17.2,18.8,20.7,21.8,22.6,23.8,24.6,26.3
140,13.8,14.6,15.1,15.9,16.4,17.2,18.9,20.8,21.9,22.7,23.9,24.7,26.4
141,13.8,14.7,15.2,15.9,16.4,17.3,19.0,20.8,21.9,22.7,23.9,24.8,26.5
142,13.9,14.7,15.2,16.0,16.5,17.3,19.0,20.9,22.0,22.8,24.0,24.9,26.5
143,13.9,14.8,15.2,16.0,16.5,17.4,19.1,21.0,22.1,22.9,24.1,24.9,26.6
144,14.0,14.8,15.3,16.0,16.6,17.4,19.1,21.0,22.1,22.9,24.1,25.0,26.7
145,14.0,14.9,15.3,16.1,16.6,17.5,19.2,21.1,22.2,23.0,24.2,25.0,26.7
146,14.1,14.9,15.4,16.1,16.7,17.5,19.2,21.1,22.2,23.0,24.2,25.1,26.8
147,14.1,15.0,15.4,16.2,16.7,17.6,19.3,21.2,22.3,23.1,24.3,25.1,26.8
148,14.2,15.0,15.5,16.2,16.8,17.6,19.3,21.2,22.3,23.1,24.4,25.2,26.9
149,14.2,15.0,15.5,16.3,16.8,17.7,19.4,21.3,22.4,23.2,24.4,25.3,26.9
150,14.2,15.1,15.6,16.3,16.9,17.7,19.4,21.3,22.4,23.2,24.5,25.3,27.0
151,14.3,15.1,15.6,16.4,16.9,17.8,19.5,21.4,22.5,23.3,24.5,25.4,27.0
152,14.3,15.2,15.7,16.4,17.0,17.8,19.5,21.4,22.5,23.3,24.6,25.4,27.1
153,14.4,15.2,15.7,16.5,17.0,17.9,19.6,21.5,22.6,23.4,24.6,25.5,27.1
154,14.4,15.3,15.8,16.5,17.1,17.9,19.6,21.5,22.7,23.4,24.7,25.5,27.2
155,14.5,15.3,15.8,16.6,17.1,18.0,19.7,21.6,22.7,23.5,24.7,25.6,27.3
156,14.5,15.4,15.9,16.6,17.2,18.0,19.7,21.6,22.8,23.5,24.8,25.6,27.3
157,14.6,15.4,15.9,16.7,17.2,18.1,19.8,21.7,22.8,23.6,24.8,25.6,27.3
158,14.6,15.5,16.0,16.7,17.3,18.1,19.8,21.7,22.8,23.6,24.8,25.7,27.3
159,14.7,15.5,16.0,16.8,17.3,18.2,19.9,21.8,22.9,23.7,24.9,25.7,27.4
160,14.7,15.6,16.0,16.8,17.4,18.2,19.9,21.8,22.9,23.7,24.9,25.7,27.4
161,14.7,15.6,16.1,16.9,17.4,18.3,20.0,21.9,23.0,23.7,25.0,25.8,27.4
162,14.8,15.7,16.1,16.9,17.5,18.3,20.0,21.9,23.0,23.8,25.0,25.8,27.4
163,14.8,15.7,16.2,17.0,17.5,18.4,20.1,22.0,23.0,23.8,25.0,25.8,27.5
164,14.9,15.8,16.2,17.0,17.6,18.4,20.1,22.0,23.1,23.9,25.1,25.9,27.5
165,14.9,15.8,16.3,17.1,17.6,18.5,20.2,22.0,23.1,23.9,25.1,25.9,27.5
166,15.0,15.8,16.3,17.1,17.7,18.5,20.2,22.1,23.2,23.9,25.1,25.9,27.5
167,15.0,15.9,16.4,17.2,17.7,18.6,20.3,22.1,23.2,24.0,25.2,26.0,27.6
168,15.1,15.9,16.4,17.2,17.8,18.6,20.3,22.2,23.3,24.0,25.2,26.0,27.6
169,15.1,16.0,16.5,17.3,17.8,18.6,20.3,22.2,23.3,24.0,25.2,26.0,27.6
170,15.1,16.0,16.5,17.3,17.8,18.7,20.4,22.2,23.3,24.1,25.2,26.0,27.6
171,15.2,16.1,16.6,17.3,17.9,18.7,20.4,22.3,23.3,24.1,25.3,26.0,27.6
172,15.2,16.1,16.6,17.4,17.9,18.8,20.5,22.3,23.4,24.1,25.3,26.1,27.6
173,15.3,16.2,16.6,17.4,18.0,18.8,20.5,22.3,23.4,24.1,25.3,26.1,27.6
174,15.3,16.2,16.7,17.5,18.0,18.9,20.5,22.4,23.4,24.2,25.3,26.1,27.6
175,15.4,16.2,16.7,17.5,18.1,18.9,20.6,22.4,23.5,24.2,25.3,26.1,27.6
176,15.4,16.3,16.8,17.6,18.1,18.9,20.6,22.4,23.5,24.2,25.4,26.1,27.6
177,15.4,16.3,16.8,17.6,18.1,19.0,20.7,22.5,23.5,24.3,25.4,26.1,27.6
178,15.5,16.4,16.9,17.6,18.2,19.0,20.7,22.5,23.6,24.3,25.4,26.2,27.7
179,15.5,16.4,16.9,17.7,18.2,19.1,20.7,22.6,23.6,24.3,25.4,26.2,27.7
180,15.6,16.4,16.9,17.7,18.3,19.1,20.8,22.6,23.6,24.3,25.4,26.2,27.7
181,15.6,16.5,17.0,17.8,18.3,19.1,20.8,22.6,23.6,24.3,25.4,26.2,27.7
182,15.6,16.5,17.0,17.8,18.3,19.2,20.8,22.6,23.6,24.4,25.5,26.2,27.7
183,15.7,16.5,17.0,17.8,18.4,19.2,20.8,22.6,23.7,24.4,25.5,26.2,27.7
184,15.7,16.6,17.1,17.8,18.4,19.2,20.9,22.7,23.7,24.4,25.5,26.2,27.7
185,15.7,16.6,17.1,17.9,18.4,19.2,20.9,22.7,23.7,24.4,25.5,26.2,27.7
186,15.8,16.6,17.1,17.9,18.4,19.3,20.9,22.7,23.7,24.4,25.5,26.2,27.7
187,15.8,16.7,17.2,17.9,18.5,19.3,20.9,22.7,23.7,24.4,25.5,26.2,27.7
188,15.8,16.7,17.2,18.0,18.5,19.3,21.0,22.7,23.7,24.4,25.5,26.2,27.7
189,15.9,16.7,17.2,18.0,18.5,19.4,21.0,22.7,23.7,24.4,25.5,26.2,27.7
190,15.9,16.8,17.3,18.0,18.6,19.4,21.0,22.8,23.8,24.5,25.5,26.3,27.7
191,15.9,16.8,17.3,18.1,18.6,19.4,21.0,22.8,23.8,24.5,25.5,26.3,27.7
192,16.0,16.8,17.3,18.1,18.6,19.4,21.0,22.8,23.8,24.5,25.5,26.3,27.7
193,16.0,16.8,17.3,18.1,18.6,19.4,21.0,22.8,23.8,24.5,25.5,26.3,27.7
194,16.0,16.9,17.3,18.1,18.6,19.4,21.0,22.8,23.8,24.5,25.5,26.3,27.7
195,16.0,16.9,17.4,18.1,18.6,19.4,21.1,22.8,23.8,24.5,25.5,26.3,27.7
196,16.0,16.9,17.4,18.1,18.6,19.5,21.1,22.8,23.8,24.5,25.5,26.3,27.7
197,16.1,16.9,17.4,18.1,18.7,19.5,21.1,22.8,23.8,24.5,25.5,26.3,27.7
198,16.1,16.9,17.4,18.1,18.7,19.5,21.1,22.8,23.8,24.5,25.5,26.3,27.7
199,16.1,16.9,17.4,18.2,18.7,19.5,21.1,22.8,23.8,24.5,25.5,26.3,27.7
200,16.1,17.0,17.4,18.2,18.7,19.5,21.1,22.8,23.8,24.5,25.5,26.3,27.7
201,16.1,17.0,17.4,18.2,18.7,19.5,21.1,22.8,23.8,24.5,25.5,26.3,27.7
202,16.2,17.0,17.5,18.2,18.7,19.5,21.1,22.8,23.8,24.5,25.5,26.2,27.7
203,16.2,17.0,17.5,18.2,18.7,19.5,21.1,22.8,23.8,24.5,25.5,26.2,27.7
204,16.2,17.0,17.5,18.2,18.7,19.5,21.1,22.8,23.8,24.5,25.5,26.2,27.7
205,16.2,17.0,17.5,18.2,18.7,19.5,21.1,22.8,23.8,24.5,25.5,26.2,27.7
206,16.2,17.0,17.5,18.2,18.7,19.5,21.1,22.8,23.8,24.4,25.5,26.2,27.7
207,16.2,17.1,17.5,18.2,18.7,19.5,21.1,22.8,23.8,24.4,25.5,26.2,27.7
208,16.3,17.1,17.5,18.2,18.7,19.5,21.1,22.8,23.7,24.4,25.5,26.2,27.7
209,16.3,17.1,17.5,18.2,18.7,19.5,21.1,22.8,23.7,24.4,25.5,26.2,27.7
210,16.3,17.1,17.5,18.2,18.7,19.5,21.1,22.8,23.7,24.4,25.5,26.2,27.7
211,16.3,17.1,17.5,18.3,18.7,19.5,21.1,22.7,23.7,24.4,25.5,26.2,27.7
212,16.3,17.1,17.6,18.3,18.8,19.5,21.1,22.7,23.7,24.4,25.5,26.2,27.7
213,16.3,17.1,17.6,18.3,18.8,19.5,21.0,22.7,23.7,24.4,25.5,26.2,27.7
214,16.4,17.1,17.6,18.3,18.8,19.5,21.0,22.7,23.7,24.4,25.5,26.2,27.7
215,16.4,17.1,17.6,18.3,18.8,19.5,21.0,22.7,23.7,24.4,25.5,26.2,27.7
216,16.4,17.2,17.6,18.3,18.8,19.5,21.0,22.7,23.7,24.4,25.5,26.2,27.7
217,16.4,17.2,17.6,18.3,18.8,19.5,21.0,22.7,23.7,24.4,25.5,26.2,27.7
218,16.4,17.2,17.6,18.3,18.8,19.5,21.0,22.7,23.7,24.4,25.5,26.2,27.7
219,16.4,17.2,17.6,18.3,18.8,19.5,21.0,22.7,23.7,24.4,25.5,26.2,27.7
220,16.4,17.2,17.6,18.3,18.8,19.5,21.0,22.7,23.7,24.4,25.5,26.2,27.7
221,16.4,17.2,17.6,18.3,18.8,19.5,21.0,22.7,23.7,24.4,25.5,26.2,27.7
222,16.5,17.2,17.6,18.3,18.8,19.5,21.0,22.7,23.7,24.4,25.5,26.2,27.7
223,16.5,17.2,17.6,18.3,18.8,19.5,21.0,22.7,23.6,24.4,25.5,26.2,27.7
224,16.5,17.2,17.6,18.3,18.8,19.5,21.0,22.7,23.6,24.3,25.4,26.2,27.7
225,16.5,17.2,17.6,18.3,18.8,19.5,21.0,22.7,23.6,24.3,25.4,26.2,27.7
226,16.5,17.2,17.6,18.3,18.8,19.5,21.0,22.6,23.6,24.3,25.4,26.2,27.7
227,16.5,17.2,17.7,18.3,18.8,19.5,21.0,22.6,23.6,24.3,25.4,26.2,27.7
